{
  "best_checkpoint_path": "FullProductGPT_featurebased_performerfeatures16_dmodel32_ff32_N6_heads4_lr0.0001_w2.pt",
  "val_loss": 0.7652541999530075,
  "val_ppl": 2.6686589520676693,
  "val_all_hit_rate": 0.7140243376197463,
  "val_all_f1_score": 0.6044640452004575,
  "val_all_auprc": 0.5703758438551633,
  "val_all_rev_mae": 1.294921875,
  "val_stop_hit_rate": 0.05065975494816211,
  "val_stop_f1_score": 0.010714908674092348,
  "val_stop_auprc": 0.1111111111111111,
  "val_stop_rev_mae": 2.439453125,
  "val_after_hit_rate": 0.34373318988703605,
  "val_after_f1_score": 0.16354083445126044,
  "val_after_auprc": 0.2138439097393759,
  "val_after_rev_mae": 4.05859375,
  "val_transition_hit_rate": 0.04296646234334127,
  "val_transition_f1_score": 0.05372264234927787,
  "val_transition_auprc": 0.1708307913479309,
  "val_transition_rev_mae": 2.462890625,
  "test_loss": 0.7511124001409775,
  "test_ppl": 2.6370858787593985,
  "test_all_hit_rate": 0.7191227417184414,
  "test_all_f1_score": 0.6119219431418007,
  "test_all_auprc": 0.5822391439554957,
  "test_all_rev_mae": 1.3349609375,
  "test_stop_hit_rate": 0.04013621989783508,
  "test_stop_f1_score": 0.008574992204552542,
  "test_stop_auprc": 0.1111111111111111,
  "test_stop_rev_mae": 2.400390625,
  "test_after_hit_rate": 0.36363636363636365,
  "test_after_f1_score": 0.17441518978786022,
  "test_after_auprc": 0.21827809511500193,
  "test_after_rev_mae": 4.03125,
  "test_transition_hit_rate": 0.04342087117555508,
  "test_transition_f1_score": 0.0537050416685118,
  "test_transition_auprc": 0.17343186934943333,
  "test_transition_rev_mae": 2.541015625
}